{"pairs":[
 {"x0":-147.5344096194342001, "y0":7.4022644734031218, "x1":132.2067934202093511, "y1":83.8785973693044582},
 {"x0":-136.1961729789117044, "y0":-4.6086001159703329, "x1":145.2308725241859122, "y1":50.5352946562089755}
]}